user_id,name,email,phone_number,date_created
1,"Kajen Hariyah, S.I.Kom",imardhiyah@example.com,622682546458,2023-07-26 05:15:07
2,"Puti Dalima Saragih, S.Ked",irwan57@example.com,628331653484,2023-08-02 07:49:07
3,Ika Halimah,queenanggriawan@example.org,04813540424,2023-07-23 19:40:16
4,Elma Hutapea,hartana87@example.net,0382798439,2023-06-02 15:23:58
5,Dt. Mahdi Andriani,hendranashiruddin@example.org,6208479660739,2023-07-22 10:58:19
6,R.M. Edison Wahyudin,fitrianisihombing@example.org,0707565081,2023-05-13 10:22:41
7,Putri Pratiwi,irawanyulia@example.com,620645431761,2023-01-21 06:45:35
8,Cawisadi Wibowo,murti36@example.org,6208788092564,2023-04-15 00:13:10
9,Mariadi Sihotang,sihotangmitra@example.org,6208389921364,2023-07-26 12:42:43
10,Legawa Farida,prastutihalim@example.net,62040496493,2023-07-10 16:39:42
11,Puti Zizi Maulana,jelitauwais@example.com,625105693830,2023-02-03 08:52:28
12,"Bambang Wasita, S.Sos",bahuwarnawinarsih@example.net,0633328137,2023-08-14 08:52:25
13,Hasta Hakim,nadine53@example.net,62098691330,2023-01-01 21:26:12
14,"Oliva Firgantoro, S.E.I",hutapeakamal@example.org,05920295699,2023-01-04 21:18:23
15,"Diana Wastuti, S.Gz",jnovitasari@example.com,6207786808016,2023-08-18 08:39:39
16,Ir. Maya Prakasa,ltampubolon@example.com,0812748701,2023-09-28 20:38:40
17,Raden Tarihoran,pnababan@example.com,620745483484,2023-03-31 06:19:45
18,Dr. Vicky Maryadi,panjimaulana@example.com,6205818129647,2023-01-26 18:13:07
19,Violet Rajasa,cbudiyanto@example.net,01230941082,2023-08-11 12:57:10
20,T. Cemplunk Tampubolon,maulanaluwar@example.org,0831976451,2023-06-12 15:09:14
21,Dr. Rachel Handayani,ghanipuspasari@example.net,6206455990754,2023-10-08 21:13:20
22,"Calista Wahyudin, M.M.",raden80@example.net,620317931011,2023-07-16 21:39:30
23,"Jaga Sudiati, M.M.",amelia64@example.org,620993791551,2023-02-27 00:32:53
24,"Samiah Hardiansyah, S.Psi",bahuwiryayulianti@example.com,08656179751,2023-05-04 14:08:07
25,"Betania Wulandari, S.I.Kom",pjanuar@example.com,62449527968,2023-06-25 11:39:30
26,"Endah Andriani, M.TI.",pratamayusuf@example.net,0848696635,2023-05-08 23:11:25
27,Hj. Ana Rahimah,estiono32@example.org,6205385400910,2023-10-21 12:51:19
28,Melinda Wibisono,fujiaticakrajiya@example.org,6209993686816,2023-07-23 06:34:56
29,Lintang Kusmawati,yuni84@example.net,6202532056108,2023-03-12 16:24:20
30,R.A. Keisha Safitri,hardiansyahmuhammad@example.com,620420269405,2023-03-17 04:39:39
31,Cawisadi Firgantoro,asirait@example.org,0366720846,2023-05-28 10:54:34
32,"Ganep Novitasari, M.Farm",frajata@example.net,0818891181,2023-03-10 19:08:05
33,Mahdi Pradana,novitasariluwar@example.net,6208165257951,2023-10-08 22:09:58
34,Respati Iswahyudi,cagak03@example.net,0855049014,2023-07-21 02:24:35
35,"Ir. Rahayu Hastuti, M.Pd",balamantrisitorus@example.org,620759988998,2023-06-05 06:05:50
36,"Laila Yulianti, S.H.",hsuryatmi@example.com,03094099819,2023-05-07 00:51:35
37,Dt. Latif Mahendra,abyasa41@example.net,620347933536,2023-07-31 06:22:06
38,Tasnim Laksmiwati,uhutapea@example.com,6209604597314,2023-04-12 01:38:44
39,Dr. Anom Ramadan,carubkurniawan@example.com,620196120538,2023-07-28 15:34:34
40,"Michelle Pratiwi, S.Sos",jagaanggraini@example.net,620595992268,2023-08-21 14:36:25
41,T. Soleh Suryatmi,rinisamosir@example.net,620951352975,2023-07-01 03:14:45
42,"Iriana Najmudin, S.H.",prabawapermata@example.com,6200412471093,2023-06-28 05:29:24
43,Ir. Murti Yulianti,jaisramadan@example.com,6202428632042,2023-03-21 11:22:06
44,Belinda Anggraini,salahudinprayitna@example.net,626896499141,2023-03-17 07:55:05
45,Umar Waluyo,prasetyohari@example.com,620537373532,2023-09-05 12:49:02
46,Almira Pertiwi,dalimin61@example.org,620289342668,2023-06-24 23:23:17
47,Dina Usada,sakuraharyanti@example.com,62285324784,2023-09-07 18:59:30
48,"dr. Raisa Anggriawan, S.E.",bwacana@example.net,08319773196,2023-10-22 15:28:58
49,"Ir. Salwa Mansur, S.H.",sitorusmila@example.net,0884385831,2023-01-13 01:01:10
50,Kenzie Safitri,prabawaprasasta@example.org,62807806258,2023-04-18 19:46:35
51,Betania Saputra,danang76@example.net,621548116237,2023-01-03 02:14:53
52,Wage Farida,sarah46@example.org,62226707392,2023-10-25 04:21:47
53,"Hj. Rahayu Lazuardi, S.Farm",sudiatiazalea@example.com,0892246868,2023-08-30 09:19:43
54,"Surya Waskita, S.Kom",hariyahmanah@example.org,62828057923,2023-07-08 01:05:01
55,Prabu Budiyanto,darubudiyanto@example.com,00222059351,2023-10-01 07:26:11
56,"Hj. Lalita Purnawati, S.T.",unasyidah@example.net,6200076849015,2023-09-13 04:17:23
57,Artanto Purwanti,cagak91@example.com,62215305384,2023-02-10 13:33:23
58,"Tgk. Laras Aryani, M.Pd",cayadi73@example.com,62024158766,2023-10-19 08:17:45
59,Sabrina Saputra,nabilasaptono@example.net,0812843543,2023-08-18 16:21:54
60,"Pranata Gunawan, M.Ak",karja12@example.com,62567952850,2023-07-28 14:46:33
61,Puti Amelia Putra,gangsar85@example.com,6209480190603,2023-01-30 08:56:57
62,Ade Wahyuni,kasiran02@example.net,02228821341,2023-08-19 21:08:42
63,Yosef Gunawan,wacanawage@example.org,6203460673232,2023-06-18 19:19:51
64,"R. Harsaya Hartati, M.M.",shakilasuartini@example.com,621603005256,2023-02-11 09:02:44
65,"Prasetyo Hasanah, S.E.I",wyolanda@example.com,0680821400,2023-06-18 06:34:04
66,"Kurnia Hutagalung, M.Ak",opradipta@example.com,0071480108,2023-06-10 13:39:39
67,H. Darmana Wibowo,latif33@example.net,620606571348,2023-06-17 23:12:29
68,Tgk. Kalim Mayasari,vnasyidah@example.net,62109059101,2023-08-28 06:00:48
69,Pia Rahmawati,juli93@example.org,620812209487,2023-02-11 04:15:09
70,"Mumpuni Haryanto, S.I.Kom",samsul35@example.net,6202718986193,2023-02-20 03:24:18
71,Saka Napitupulu,wawan95@example.org,620949989727,2023-09-19 20:20:16
72,Rama Padmasari,kamidinsetiawan@example.net,62011853871,2023-01-11 02:05:54
73,Laila Wibisono,rahmawatimarwata@example.org,6205794746259,2023-02-21 12:13:41
74,Bagya Hutagalung,rafid74@example.com,620998587881,2023-10-15 07:58:11
75,Wani Anggraini,mahfud83@example.org,01264652920,2023-02-09 07:18:37
76,Yessi Utama,uyolanda@example.com,6209534821049,2023-03-06 13:06:53
77,"KH. Cahyono Tamba, S.Pd",qnatsir@example.com,6209616859205,2023-05-16 21:54:52
78,R. Nugraha Napitupulu,candraharyanti@example.net,0896597549,2023-03-28 16:10:51
79,Raisa Hakim,maulanacaraka@example.org,620545679308,2023-08-29 05:25:59
80,Syahrini Kusumo,udabukke@example.com,62033952944,2023-07-14 17:36:34
81,"Dr. Gaduh Budiman, S.E.",cengkal23@example.com,622234665221,2023-05-17 19:43:21
82,Cakrawangsa Prastuti,prasetyahilda@example.com,620434357696,2023-04-02 01:46:47
83,Almira Dongoran,latuponoyulia@example.net,0725749501,2023-06-21 05:23:43
84,Maryanto Halimah,asmuni86@example.org,620773825372,2023-09-15 08:30:09
85,"Hesti Yolanda, M.Pd",johan40@example.org,62880246253,2023-07-17 13:51:23
86,"Warsita Sihotang, S.Kom",ranggaaryani@example.net,0852958162,2023-02-27 09:16:57
87,Ajiman Prayoga,mangunsonganggabaya@example.net,6203574851447,2023-01-27 05:46:10
88,Icha Pranowo,nabilawulandari@example.net,0476556643,2023-06-03 00:08:58
89,drg. Baktiadi Andriani,purwantiendah@example.net,62008189772,2023-05-24 19:25:33
90,Oni Wahyuni,qjailani@example.net,0930674171,2023-01-28 14:13:51
91,Harsana Maryadi,malasirait@example.net,625717349659,2023-08-16 07:32:33
92,Omar Laksmiwati,uda25@example.com,623565043022,2023-09-07 13:30:18
93,Harja Handayani,lailasarijasmani@example.net,620849000825,2023-06-24 01:46:04
94,"Ella Pranowo, S.Sos",lestarisyahrini@example.org,621431236587,2023-04-24 23:19:21
95,drg. Najwa Nainggolan,hasim69@example.org,0871055393,2023-03-04 00:23:15
96,Dimaz Wijayanti,harsayalestari@example.com,620166400423,2023-09-11 20:07:12
97,Zulaikha Adriansyah,wasitaanastasia@example.org,620280661318,2023-05-24 21:56:53
98,Parman Maryadi,olivia44@example.com,0697017918,2023-09-21 22:31:26
99,Shania Sudiati,kandahastuti@example.net,0484002214,2023-04-04 05:51:50
100,Gara Usamah,paimanpratama@example.com,06145179219,2023-02-18 21:59:39
101,drg. Citra Nuraini,zulkarnainbakiman@example.org,0860469946,2023-07-21 03:06:31
102,"Ir. Darijan Pradipta, M.M.",yuliartihendra@example.net,6205539649462,2023-06-03 21:19:41
103,Mahmud Gunarto,adinatatarihoran@example.org,0817633041,2023-06-08 15:11:32
104,"Farah Suwarno, S.IP",kuswandaribajragin@example.com,0835952693,2023-04-08 06:07:20
105,Ana Mangunsong,vmansur@example.net,620702195350,2023-04-24 04:58:48
106,drg. Lanang Pratiwi,iwahyudin@example.org,62680039735,2023-08-19 18:02:49
107,Edi Sitompul,cahyanto75@example.com,0788420878,2023-07-16 10:13:28
108,Ikhsan Wacana,najwa32@example.com,0901191384,2023-08-31 03:12:04
109,drg. Indra Yuliarti,utamaprasetya@example.net,62997280498,2023-08-31 08:32:12
110,Cindy Tampubolon,among48@example.com,6209602430828,2023-10-16 17:48:20
111,Zizi Waluyo,farhunnisawaskita@example.com,620608365250,2023-07-30 04:13:42
112,Mahmud Puspita,gadakuswandari@example.net,0836351038,2023-02-23 08:49:59
113,Farah Zulkarnain,vbudiyanto@example.com,05387002860,2023-08-01 02:42:36
114,Jamalia Maheswara,psafitri@example.com,0149708392,2023-02-07 19:32:45
115,Sabar Purwanti,hhakim@example.com,62176092223,2023-02-22 11:26:17
116,Okta Purnawati,halim12@example.net,02580129621,2023-04-19 01:17:00
117,"Balijan Winarsih, S.Kom",harsana39@example.net,03951258560,2023-10-26 07:55:59
118,"Dt. Liman Farida, S.Ked",wardi08@example.com,624024368590,2023-03-04 20:01:03
119,Vero Yuliarti,dsitorus@example.net,6203936887458,2023-08-13 01:23:51
120,Kamaria Purwanti,maras24@example.com,627724830926,2023-06-25 21:53:15
121,Banara Hasanah,purwa97@example.org,620871185324,2023-05-30 22:19:37
122,"Irfan Palastri, S.Kom",ajiminprasetyo@example.org,62964380327,2023-09-28 02:02:13
123,Atma Simbolon,ajiminnasyiah@example.org,6205584826012,2023-08-27 05:43:16
124,R.A. Yani Ramadan,marbunwarta@example.com,07546966289,2023-02-19 03:43:08
125,Joko Jailani,umay47@example.org,626044411291,2023-02-18 14:19:57
126,"Drs. Kanda Gunawan, S.E.",umaymaryati@example.org,6209902262526,2023-01-20 08:57:50
127,Jasmin Oktaviani,kusmawaticapa@example.org,62825641284,2023-03-30 06:55:35
128,Nurul Adriansyah,salsabilarajata@example.org,629729368407,2023-02-22 15:15:47
129,Vanya Salahudin,hasanahkarna@example.com,622977327566,2023-09-18 15:22:58
130,Mutia Sudiati,jail02@example.org,04594239033,2023-07-05 22:56:46
131,Ciaobella Rahayu,maimunah89@example.org,6202497419929,2023-01-05 23:00:05
132,Puti Michelle Saputra,raden12@example.net,6206031426395,2023-08-23 22:30:40
133,Hendra Haryanto,almirajanuar@example.com,0964935955,2023-09-08 23:37:49
134,"Sarah Marbun, S.T.",dadappurnawati@example.net,62745090662,2023-07-09 15:57:18
135,drg. Faizah Nasyidah,cpradipta@example.org,626676528409,2023-10-16 15:26:59
136,"Puti Ade Suryono, S.Pd",usamahdasa@example.org,620074614611,2023-02-07 00:11:15
137,Vivi Nashiruddin,nugraha83@example.net,0769978578,2023-04-29 16:48:51
138,drg. Cinta Padmasari,marbunjaga@example.org,0805091060,2023-09-15 20:19:35
139,Zahra Mandala,okta96@example.net,0317691688,2023-07-22 01:24:17
140,Gantar Uyainah,yzulaika@example.com,620595362765,2023-05-04 00:11:09
141,"Jumari Riyanti, S.E.",kadirsuryono@example.com,620039698658,2023-03-28 05:57:34
142,"Hesti Riyanti, S.Ked",hyuniar@example.org,62600641287,2023-05-03 03:07:54
143,Amelia Haryanto,zulaikateguh@example.com,6209501619640,2023-05-29 10:49:12
144,Drs. Reksa Thamrin,gandewa17@example.com,624067416877,2023-09-24 05:19:32
145,"Laksana Santoso, S.Sos",mandasarisamiah@example.org,629630307194,2023-06-02 14:43:57
146,Yani Pratama,cusamah@example.net,03862193044,2023-04-20 19:18:00
147,"Cut Ami Salahudin, S.I.Kom",janeprasasta@example.org,0806628702,2023-02-02 19:52:24
148,Belinda Hariyah,tsiregar@example.org,620844086638,2023-06-21 12:38:28
149,Farah Wasita,mahendraendah@example.com,627645039554,2023-03-26 09:48:19
150,Dadap Wibowo,bagyasihombing@example.org,62340835446,2023-01-19 23:25:49
151,R. Panca Jailani,piswahyudi@example.org,0664852197,2023-08-12 03:33:15
152,"Lalita Sirait, S.H.",warsa64@example.com,620637738196,2023-08-21 09:10:41
153,Zalindra Melani,bajragin27@example.net,620274465640,2023-07-17 05:41:12
154,Siska Iswahyudi,zamira40@example.org,628510814496,2023-04-30 00:31:46
155,Rangga Tampubolon,dnatsir@example.org,09573827491,2023-07-06 17:31:38
156,"Dr. Prasetyo Pangestu, S.IP",siti00@example.net,620201711038,2023-05-05 08:01:04
157,Jaga Nasyidah,hastutirangga@example.net,624402590713,2023-02-02 10:36:56
158,"Tgk. Endra Zulkarnain, S.H.",respatisetiawan@example.com,0881899116,2023-05-26 15:58:47
159,Edward Hutasoit,usafitri@example.com,0833910602,2023-07-03 07:23:34
160,"Maimunah Mansur, S.IP",wahyunidevi@example.org,0718638765,2023-08-07 00:28:14
161,Febi Nainggolan,prasastabagas@example.com,0078218192,2023-03-10 15:51:07
162,Wirda Prasasta,kaniyuniar@example.org,620077917723,2023-07-16 15:53:48
163,"Sabri Situmorang, M.Farm",arislailasari@example.org,00406773366,2023-06-14 04:12:51
164,R.A. Juli Kusumo,nurainitari@example.net,620131531712,2023-09-02 16:11:45
165,"Nadia Pudjiastuti, S.T.",adika52@example.org,6208156154530,2023-01-31 11:01:51
166,"T. Ibrani Halim, S.E.I",karen62@example.com,04834253439,2023-06-13 12:12:36
167,"Cici Uwais, M.Ak",maida24@example.org,01279366504,2023-04-02 04:05:05
168,"H. Bakda Maryadi, S.Psi",ymandala@example.net,627655837654,2023-10-13 04:51:23
169,"H. Asmuni Padmasari, S.Pd",victoria36@example.org,620024751694,2023-06-06 08:35:02
170,"Cindy Riyanti, S.T.",makaralailasari@example.org,09431632974,2023-07-20 20:24:20
171,Vera Firgantoro,padmasariparman@example.net,62042717892,2023-05-20 06:48:01
172,Erik Megantara,lyolanda@example.org,620798301901,2023-07-11 05:36:59
173,Latika Prakasa,zsaragih@example.com,6207901007221,2023-01-07 01:50:35
174,Ajeng Marbun,utamajessica@example.net,0718686236,2023-05-09 13:46:07
175,Kayla Habibi,gantarprakasa@example.org,0800602803,2023-01-17 20:24:58
176,Purwa Hutasoit,nashiruddincecep@example.net,0816318884,2023-07-19 20:16:31
177,Daru Prasetya,lsantoso@example.net,09314632850,2023-01-17 21:15:13
178,"Ir. Intan Hariyah, M.Ak",bakianto59@example.org,629396992532,2023-05-26 19:43:25
179,Siti Tarihoran,jessica55@example.com,62916652763,2023-10-04 12:09:00
180,Endah Widodo,qzulaika@example.net,01932016819,2023-04-04 03:12:24
181,Radika Pradana,vanesa06@example.net,06098123620,2023-04-23 16:32:54
182,Hartana Suartini,jnuraini@example.org,0872076575,2023-10-25 04:12:49
183,Rahayu Hastuti,maryani@example.com,620399703775,2023-10-14 15:09:40
184,Balapati Permata,luluh43@example.net,04309599392,2023-10-15 01:52:13
185,dr. Garda Hutapea,asuryono@example.org,620472319329,2023-03-31 17:15:43
186,Yunita Usamah,martanasaefullah@example.net,62198731568,2023-06-09 18:51:40
187,Nurul Prasetya,gnarpati@example.com,620143656366,2023-01-21 05:16:23
188,Dadap Hartati,carubuwais@example.com,62773661341,2023-01-04 12:52:09
189,Ganep Marpaung,vutama@example.org,03119349235,2023-01-20 17:53:30
190,"Karimah Rahmawati, M.Ak",widodojasmin@example.net,04698236218,2023-02-09 21:52:12
191,"R.A. Puji Pradana, S.Ked",jindra82@example.org,62836639035,2023-01-27 03:52:41
192,"dr. Ratna Mardhiyah, S.Sos",irwan15@example.net,6208345692621,2023-03-03 02:01:35
193,Kamal Sirait,gatotmansur@example.com,6205806138466,2023-04-18 00:03:34
194,"Wani Oktaviani, S.I.Kom",sitorusilyas@example.com,620411570247,2023-01-29 15:22:09
195,"Tirta Saragih, M.Farm",lailasarikemal@example.org,62540400666,2023-03-18 12:01:01
196,Novi Wulandari,oktavianinugraha@example.com,0298187544,2023-05-03 20:59:29
197,"Ghani Irawan, S.E.I",ozy40@example.org,623613585994,2023-10-21 17:01:24
198,Edi Padmasari,tiara16@example.net,08627874752,2023-04-07 06:25:52
199,Cakrawangsa Wacana,mursinin15@example.org,08325408243,2023-02-19 00:26:51
200,"Shania Mandala, M.Farm",eagustina@example.org,623894481840,2023-01-16 10:22:28
201,Bakiono Nuraini,nasimprasetyo@example.net,6201301472655,2023-09-15 09:37:51
202,Fathonah Fujiati,lestariridwan@example.org,6209205465171,2023-07-19 09:47:05
203,Ulya Prasetya,vivinajmudin@example.com,6202113896101,2023-10-21 17:11:30
204,Gada Prakasa,nrimamanullang@example.org,6200086739981,2023-01-05 00:42:17
205,Bahuwirya Uyainah,siregarhimawan@example.net,627631953279,2023-01-01 06:35:27
206,Najam Hassanah,nashiruddinrini@example.net,628585867396,2023-08-29 18:47:19
207,"Bella Wastuti, S.Kom",lhasanah@example.com,62463798913,2023-06-23 00:37:00
208,H. Hasta Jailani,almirasalahudin@example.net,0907015488,2023-04-17 03:16:26
209,"Tgk. Jumadi Habibi, M.M.",nnainggolan@example.net,620237184493,2023-06-27 15:43:41
210,Elisa Wahyuni,suryatmianggabaya@example.com,0866481035,2023-01-29 08:23:51
211,dr. Zulfa Dongoran,emplukrahmawati@example.org,620285367036,2023-01-13 11:23:43
212,Febi Megantara,wmandala@example.org,62982271670,2023-02-03 20:38:42
213,Ir. Zamira Ardianto,saadatrahimah@example.com,621863268074,2023-06-12 10:16:06
214,Dr. Estiono Prasetya,wprasetyo@example.net,0878248099,2023-05-15 15:57:27
215,Nurul Andriani,esirait@example.net,02766875618,2023-05-07 16:57:18
216,Rini Rajasa,gnamaga@example.com,6206241594585,2023-03-26 14:49:33
217,"dr. Nurul Suryatmi, S.E.",lili94@example.net,620668372328,2023-04-26 08:59:07
218,Bakiadi Hasanah,jwijaya@example.com,6202037766605,2023-10-04 11:56:47
219,"Dr. Suci Rajasa, S.I.Kom",citrawahyuni@example.net,09520249161,2023-03-09 10:12:17
220,Ganjaran Siregar,omelani@example.net,623949474967,2023-06-06 06:22:35
221,Artanto Prasasta,nrima81@example.com,621311665611,2023-05-28 21:56:58
222,Kasim Safitri,pprabowo@example.com,620148997379,2023-06-16 07:52:57
223,Caket Agustina,shandayani@example.com,620095217660,2023-03-31 10:43:29
224,Rizki Santoso,jayadi07@example.net,624424433958,2023-01-05 21:17:51
225,"Uli Maulana, S.Kom",ypranowo@example.com,6201480025522,2023-10-11 19:37:20
226,"R. Budi Pradana, M.Ak",tnatsir@example.com,6200960476833,2023-08-30 14:27:03
227,Koko Setiawan,jmanullang@example.com,04220055986,2023-01-24 15:58:50
228,"Genta Lazuardi, S.Pt",sakura58@example.org,623423008414,2023-05-30 06:55:34
229,Elma Wahyudin,prabawasamosir@example.net,62955185533,2023-01-14 02:24:56
230,Ika Fujiati,citra00@example.com,0864851649,2023-02-03 16:44:52
231,Kairav Usada,abyasamandasari@example.net,6205389344149,2023-04-27 17:16:41
232,Rina Susanti,rahimahchelsea@example.com,0867023384,2023-04-04 16:01:58
233,Nabila Sitorus,zzulaika@example.org,6203243830826,2023-10-29 06:16:33
234,Dewi Wasita,lutfannasyiah@example.com,03694285668,2023-07-27 22:57:46
235,Paulin Saefullah,belindalaksmiwati@example.org,620577445259,2023-05-12 07:45:37
236,Ulva Aryani,manullangradika@example.org,0008701714,2023-10-22 08:33:46
237,"R. Dinda Wibisono, S.Pt",jane61@example.com,626773144368,2023-07-01 10:21:46
238,"Puti Maria Utama, S.Kom",adityanarpati@example.net,0337777553,2023-04-01 08:29:47
239,Uda Wijaya,cakrawalapuspasari@example.net,0605077432,2023-10-11 15:58:50
240,drg. Arta Sitompul,prayogahendra@example.com,6206921947808,2023-02-03 16:15:23
241,Yahya Firgantoro,ppermadi@example.net,620004400416,2023-04-12 03:50:11
242,"Qori Suryono, S.Pd",lsimanjuntak@example.net,62662858802,2023-06-28 08:39:58
243,"Lili Sudiati, S.E.",sidiq10@example.org,6209327194202,2023-06-05 11:59:30
244,"drg. Danu Pertiwi, S.Kom",shakilaoktaviani@example.com,6209438267337,2023-07-17 15:28:31
245,Syahrini Pranowo,kasiran38@example.org,620591177129,2023-09-22 09:48:35
246,Upik Yuniar,karya81@example.org,6205420211649,2023-05-06 21:24:18
247,Nadine Habibi,ywibisono@example.org,0875518763,2023-10-03 20:34:31
248,"Salimah Yuliarti, S.Psi",cwinarno@example.org,620155298887,2023-08-02 10:01:13
249,Puti Hana Santoso,yance40@example.net,620342155441,2023-07-26 23:23:40
250,"Pardi Lailasari, M.M.",vkuswoyo@example.org,0241217631,2023-06-02 07:51:26
251,Janet Zulkarnain,mansurvanya@example.net,0578390235,2023-06-10 22:44:45
252,"dr. Febi Situmorang, S.E.I",ginawinarsih@example.com,620081417392,2023-06-29 05:52:07
253,Perkasa Hutapea,isitompul@example.net,02403726474,2023-08-11 07:19:33
254,"Ira Wijaya, S.Ked",elon88@example.net,0050549632,2023-03-12 18:39:27
255,Dr. Karimah Halimah,yhalimah@example.org,0208164246,2023-05-25 01:47:29
256,Sabrina Jailani,nprasetya@example.org,0858455410,2023-01-05 00:41:45
257,T. Pangestu Damanik,eirawan@example.com,620803730641,2023-08-16 04:41:43
258,Ivan Saefullah,utamajayeng@example.com,620228622434,2023-06-09 18:47:55
259,Rika Usamah,lharyanti@example.net,0867080725,2023-08-28 17:47:49
260,Bagya Mangunsong,nilamriyanti@example.net,62997663648,2023-03-30 05:25:19
261,Indah Namaga,asirwadahartati@example.net,62124218570,2023-07-30 04:45:21
262,"Puti Elisa Laksita, S.Pt",nasyidahgandewa@example.com,623994049421,2023-07-04 02:44:54
263,Utama Pranowo,winda58@example.com,62422759011,2023-04-30 16:55:25
264,Mutia Waskita,aisyah15@example.com,620496252904,2023-09-16 23:42:13
265,Intan Permadi,asmadi43@example.net,620013276700,2023-08-02 12:17:59
266,"Darsirah Budiyanto, S.H.",bahuwarnaprakasa@example.com,0869875918,2023-02-17 01:25:27
267,Dr. Jane Pradana,ygunarto@example.net,6205907570943,2023-03-16 01:42:44
268,Zulfa Kuswoyo,iwijayanti@example.net,0602373627,2023-01-20 20:01:50
269,"drg. Rahman Utami, S.E.",pprastuti@example.net,62378365792,2023-06-22 11:38:49
270,Limar Tamba,kalim57@example.org,07964564269,2023-10-24 07:12:04
271,Rahayu Novitasari,uwaisgarang@example.com,0737800718,2023-06-24 08:21:49
272,Samsul Pangestu,cpranowo@example.net,6200877307441,2023-05-30 21:12:37
273,dr. Iriana Hariyah,nasyidahindah@example.com,620543748173,2023-02-16 10:27:56
274,"dr. Jefri Wulandari, M.Ak",cecepsimanjuntak@example.org,629121342806,2023-03-17 04:01:33
275,"Nurul Andriani, S.Pt",rachel83@example.org,06642058672,2023-06-25 06:30:25
276,Tira Winarno,unuraini@example.org,628790011662,2023-03-10 08:07:54
277,Tgk. Mutia Yulianti,wulan22@example.org,62140300326,2023-08-17 05:55:52
278,Puti Malika Samosir,kuntharaastuti@example.org,01398463154,2023-03-18 19:39:36
279,Bakijan Simbolon,rahmawatidaliono@example.net,6209109815133,2023-10-15 03:15:46
280,Unjani Usada,anggriawanganda@example.org,6202135447831,2023-08-31 02:45:23
281,Aurora Saefullah,astutihartaka@example.org,03943054212,2023-08-22 21:15:36
282,"dr. Rahmi Nasyiah, S.H.",bsimanjuntak@example.com,620674369300,2023-05-17 11:15:49
283,"Tgk. Ade Winarno, S.H.",taniasinaga@example.net,6206512951181,2023-10-04 03:20:50
284,Sari Anggraini,jatmikomanullang@example.org,62338823629,2023-05-21 04:07:52
285,"Ir. Vivi Utama, S.Psi",halimlatika@example.com,0848977521,2023-03-13 19:39:56
286,Dr. Banawa Marpaung,lanjar84@example.org,6209551546961,2023-04-18 01:30:10
287,"T. Hartaka Mardhiyah, S.IP",waskitasimon@example.org,6200867501435,2023-05-21 18:34:11
288,Ir. Suci Hakim,bagas31@example.com,627349191163,2023-05-05 12:47:42
289,Ulva Rahmawati,rsimanjuntak@example.com,62072094149,2023-01-27 21:05:31
290,Prayitna Andriani,osafitri@example.com,0605491161,2023-09-12 08:04:36
291,"Endah Yuniar, S.E.",nurdiyantialika@example.org,620524367716,2023-05-22 03:13:27
292,Niyaga Mardhiyah,pranawa54@example.org,620569280390,2023-02-09 00:31:43
293,Paramita Fujiati,lailasaripurwadi@example.net,620170753303,2023-02-06 15:02:44
294,"Dalima Adriansyah, S.Psi",septiwinarno@example.net,625274065606,2023-04-24 00:24:43
295,Dt. Harsaya Astuti,sihombingalmira@example.net,62438155129,2023-01-26 14:33:46
296,"R. Nasim Mulyani, M.M.",novitasariciaobella@example.com,620447164064,2023-10-23 21:58:14
297,Eja Ramadan,fprasasta@example.net,626386501781,2023-03-28 10:48:57
298,"R.A. Kayla Prayoga, S.H.",simanjuntakanastasia@example.org,0817528674,2023-06-25 00:11:12
299,KH. Cakrawala Budiman,hartaticawisadi@example.com,62046072138,2023-05-02 15:42:06
300,Martani Rahmawati,tasnimwidiastuti@example.com,6206889402857,2023-02-21 14:47:27
301,Agnes Saragih,maria89@example.net,62609981986,2023-07-02 10:52:12
302,"Cici Irawan, S.Ked",harirahmawati@example.net,0671324349,2023-03-13 04:49:47
303,"Galak Maryati, M.Pd",iwinarno@example.org,0608340017,2023-08-27 17:23:22
304,Cici Hasanah,maryatimakara@example.org,628404279606,2023-08-26 23:38:53
305,Utama Haryanto,fyulianti@example.org,02697577233,2023-08-09 02:26:51
306,Ir. Puti Napitupulu,violetmanullang@example.net,626966768622,2023-08-30 15:10:20
307,Sutan Tugiman Situmorang,jayeng87@example.com,626483719258,2023-10-05 23:10:53
308,Candrakanta Latupono,laksitajatmiko@example.net,0843920297,2023-02-21 05:46:59
309,"Jail Hastuti, S.T.",nmarbun@example.com,03572148157,2023-03-03 07:10:05
310,"Septi Winarno, S.Pt",zulaikamumpuni@example.net,0798648852,2023-04-28 20:49:05
311,Karimah Santoso,intanzulaika@example.org,03309962548,2023-05-08 19:46:23
312,"Nyana Widiastuti, M.TI.",damanikpuji@example.net,629541931686,2023-04-14 07:22:56
313,Alambana Nababan,winarsiharis@example.org,02277666805,2023-08-14 11:28:52
314,Putri Lailasari,wadihalim@example.org,620503416605,2023-08-09 13:27:36
315,"Nalar Maryadi, S.Kom",betaniayuniar@example.net,62531192182,2023-10-09 08:05:06
316,Ajimin Megantara,solehdabukke@example.com,09788237915,2023-08-04 13:01:30
317,Unjani Natsir,yuliarticornelia@example.org,62515040641,2023-03-01 03:19:48
318,Titin Irawan,xmustofa@example.net,62811864011,2023-05-02 22:30:39
319,"Ir. Karen Narpati, S.Ked",cawisonomanullang@example.org,6207883374985,2023-07-01 18:26:03
320,Raden Salahudin,fitriani72@example.net,621530172085,2023-07-28 22:14:29
321,Padmi Nugroho,purwantielma@example.com,62490971687,2023-05-19 18:32:48
322,Wirda Kusmawati,wahyunicahyono@example.com,620271572186,2023-10-28 12:41:19
323,Jefri Haryanti,andrianiprabu@example.org,6207789557742,2023-10-16 00:32:22
324,Damar Hastuti,fitria07@example.com,01200428074,2023-03-31 18:33:24
325,"Gilda Marpaung, S.IP",pertiwinajam@example.com,62510027278,2023-07-25 03:07:30
326,Endra Hutagalung,raditya19@example.com,62306136389,2023-01-30 08:14:56
327,Erik Utama,baktionoastuti@example.org,622214101145,2023-03-19 12:29:54
328,Oni Rahayu,lanjar29@example.com,621864480142,2023-05-17 20:24:01
329,Kala Anggriawan,ayulianti@example.org,620957659255,2023-07-06 16:51:59
330,drg. Candrakanta Kurniawan,aryaniirwan@example.org,629554792261,2023-05-19 10:07:05
331,Indah Lazuardi,msaefullah@example.net,03769780256,2023-09-15 00:06:16
332,Nasrullah Suartini,cecep18@example.net,622340811447,2023-05-31 08:02:50
333,Puti Lala Salahudin,adhiarjasiregar@example.org,622057493128,2023-04-03 07:31:02
334,"Ihsan Mahendra, S.Psi",malika75@example.net,620942951270,2023-08-09 22:55:28
335,Yulia Gunarto,gpudjiastuti@example.net,0822637068,2023-04-21 12:47:12
336,Wirda Usada,uwijayanti@example.net,0179801087,2023-04-06 11:37:07
337,"Cut Ayu Yuniar, M.Pd",galuhsitompul@example.net,620797121171,2023-06-10 15:46:48
338,Kuncara Tampubolon,irahmawati@example.net,62161204399,2023-09-05 13:14:24
339,Yessi Tamba,qmansur@example.org,621686526577,2023-07-20 04:53:36
340,R. Kurnia Halim,zaenabsaptono@example.com,620053270136,2023-07-22 16:33:30
341,Catur Usada,dhabibi@example.com,620702096661,2023-06-30 10:41:43
342,Balangga Adriansyah,dalimanprastuti@example.com,6209444908908,2023-02-18 02:49:10
343,"Harjo Usamah, S.Kom",inashiruddin@example.org,620087797304,2023-08-15 15:06:53
344,Tania Astuti,ajeng99@example.net,62515460898,2023-07-08 21:33:57
345,Cahyo Oktaviani,rajasalurhur@example.org,628191062331,2023-06-07 03:25:49
346,Malika Hutasoit,wutami@example.com,0824571826,2023-08-11 00:10:25
347,Rizki Waskita,usitorus@example.com,00690173028,2023-07-16 21:46:26
348,Wardi Melani,eluh83@example.com,627294387632,2023-02-23 23:43:45
349,Laksana Usada,prasetya40@example.org,0058984065,2023-07-18 21:44:35
350,Sabrina Firgantoro,jhandayani@example.org,625649520557,2023-05-13 18:18:51
351,Kartika Suryatmi,santosopandu@example.net,620449718675,2023-01-26 18:45:29
352,Betania Nasyiah,rhidayat@example.com,62453967422,2023-08-08 03:46:27
353,"Saadat Sinaga, M.Pd",cahyonowulandari@example.org,0084497669,2023-08-23 15:46:47
354,Alika Adriansyah,cengkalpuspita@example.net,6205618635278,2023-10-05 00:48:26
355,Latika Sihombing,gyuliarti@example.com,620785755202,2023-02-24 14:03:52
356,Teguh Wibowo,maheswaratirtayasa@example.com,629096710368,2023-06-17 01:14:07
357,Virman Waskita,hendrigunarto@example.org,0559786424,2023-09-10 04:51:29
358,Elvin Wahyudin,agus79@example.org,620782342811,2023-10-07 00:31:44
359,drg. Almira Anggraini,yunitasuwarno@example.com,620076201333,2023-02-09 23:35:22
360,Tedi Purnawati,rpurnawati@example.net,620411906722,2023-06-19 21:08:17
361,"Ir. Oman Januar, M.Pd",lmustofa@example.net,620993800565,2023-10-23 02:03:37
362,Karna Habibi,kpradana@example.com,6207976050577,2023-07-11 13:00:08
363,Perkasa Maheswara,mardhiyahelon@example.com,6203918338925,2023-01-26 01:00:53
364,Bahuwarna Hastuti,cinthia05@example.com,62841629602,2023-01-13 11:32:56
365,Makuta Laksmiwati,waskitabahuwirya@example.org,0820360553,2023-05-07 18:10:36
366,Kenzie Puspita,susantiharsaya@example.com,628461407695,2023-10-23 11:27:58
367,"drg. Bambang Prasetyo, S.Kom",xanana65@example.net,0823990813,2023-06-15 07:54:40
368,dr. Irnanto Nasyidah,betania06@example.net,62808899959,2023-01-19 18:07:45
369,Janet Waluyo,mandasariganjaran@example.net,06834304345,2023-03-09 19:20:32
370,Dartono Pratiwi,kayunmarbun@example.net,0877094559,2023-07-15 10:04:06
371,Oni Januar,laksmiwatibalijan@example.com,62799186420,2023-10-16 06:00:54
372,"dr. Ajimin Prabowo, S.Kom",hendri94@example.org,0625778914,2023-09-11 19:02:07
373,"Taufik Dongoran, S.E.",wnatsir@example.org,0889520713,2023-06-23 04:34:14
374,Latika Prasetyo,ajimatsitorus@example.org,6206562680330,2023-07-01 00:45:13
375,dr. Darmaji Rajata,rafipranowo@example.org,0857207851,2023-07-26 14:06:31
376,"Hadi Santoso, S.I.Kom",eluhnovitasari@example.org,623404213480,2023-08-05 05:48:26
377,"Ir. Mitra Setiawan, S.E.",pratamatirtayasa@example.com,620257741610,2023-04-03 11:02:03
378,"Ina Rahmawati, S.Ked",titin22@example.org,0846652778,2023-05-16 03:51:43
379,Yulia Hutapea,znasyidah@example.com,6204914028733,2023-10-01 17:16:02
380,"dr. Shania Prasetya, S.Pt",chandramandasari@example.com,624789809264,2023-07-05 21:48:00
381,Lintang Nuraini,vero48@example.net,6208237364358,2023-04-05 01:39:45
382,Ulva Mahendra,maida61@example.com,623658028644,2023-06-24 14:03:16
383,Kamaria Prakasa,gawatisiregar@example.net,6205571158116,2023-02-05 17:57:16
384,Umar Thamrin,iprasetya@example.net,00549228119,2023-07-03 12:36:49
385,Tantri Hakim,namagapardi@example.org,6200432661397,2023-10-25 19:30:40
386,Amalia Hardiansyah,dsuwarno@example.org,628866454453,2023-04-07 17:55:14
387,Jefri Saefullah,warsauwais@example.com,6207857024103,2023-01-24 02:21:08
388,dr. Mumpuni Melani,niyagapurnawati@example.com,623773414265,2023-03-15 03:09:47
389,"Darimin Mayasari, S.Pt",bsuryatmi@example.org,62804289147,2023-05-21 21:00:41
390,"Wasis Nashiruddin, S.E.I",gunartoeli@example.com,6200540258416,2023-01-08 20:12:35
391,"drg. Jamalia Fujiati, M.Kom.",uchitasamosir@example.org,6208755521603,2023-06-02 11:22:20
392,Gilda Mahendra,labuh59@example.com,02331948986,2023-08-18 21:01:07
393,Cornelia Wasita,yunita19@example.net,6205860061243,2023-10-04 11:33:54
394,"dr. Harsana Maulana, S.Farm",gandi77@example.org,62143637244,2023-03-23 18:57:10
395,Hilda Mangunsong,winarsihtira@example.net,62578703305,2023-06-13 17:18:04
396,Hj. Victoria Pradipta,lsamosir@example.com,6200311212813,2023-10-17 21:01:50
397,"Jayadi Siregar, S.Pt",gunartocinthia@example.net,00070000337,2023-07-07 14:22:24
398,Zelda Dongoran,knarpati@example.net,0409603824,2023-05-27 12:58:32
399,Amelia Marbun,rendyramadan@example.org,62227855144,2023-10-20 11:28:04
400,Tgk. Opan Saefullah,vmahendra@example.org,620241556992,2023-04-24 08:54:08
401,"dr. Umar Wulandari, S.Ked",damararyani@example.com,620333098143,2023-05-08 08:08:31
402,"Drs. Gasti Rajata, S.Ked",yaninatsir@example.com,09826192119,2023-07-11 15:56:59
403,Cahyanto Rahayu,jarwauyainah@example.com,0864331864,2023-01-08 22:11:00
404,Safina Mandala,qagustina@example.org,628393546732,2023-10-20 07:10:43
405,Sakura Wijayanti,handayanijayadi@example.org,620053034542,2023-08-02 03:52:55
406,Gading Putra,mayaadriansyah@example.net,626672026989,2023-09-18 08:30:25
407,"R.M. Putu Simanjuntak, S.Farm",agnes43@example.net,620579896750,2023-07-22 03:31:56
408,Ir. Queen Sinaga,gandihidayanto@example.org,62321029876,2023-01-31 03:55:23
409,"Surya Mustofa, S.Psi",wprakasa@example.com,00029427581,2023-06-25 13:41:25
410,"Saiful Situmorang, S.Gz",baguspudjiastuti@example.com,0853388401,2023-06-24 18:32:22
411,"Jagapati Wasita, M.Kom.",tiara75@example.net,62699456317,2023-05-08 15:38:55
412,Ika Simbolon,mahesa28@example.org,624172853092,2023-01-15 23:35:53
413,"Titi Haryanto, S.H.",purnawatiirwan@example.org,05991872233,2023-01-27 19:38:44
414,Yani Sihombing,gabriella41@example.net,0899090947,2023-10-10 06:43:07
415,Maria Putra,mahdi15@example.org,620356530496,2023-06-25 10:40:04
416,Ina Pradana,cahyadiaryani@example.com,0379316691,2023-01-18 18:43:13
417,Ibrani Fujiati,wiranurdiyanti@example.com,6207213313621,2023-08-20 10:55:57
418,Jaga Padmasari,darsirahsihombing@example.net,62540134040,2023-09-10 04:03:17
419,Makuta Saputra,jagapatimandasari@example.org,620868798721,2023-07-19 11:21:39
420,Zalindra Wulandari,janeiswahyudi@example.net,620767639436,2023-01-31 06:35:14
421,Hadi Saputra,ihidayanto@example.net,6208652147465,2023-01-22 00:38:17
422,Catur Wasita,saadatharyanto@example.com,6203695104262,2023-05-05 02:50:50
423,Caket Narpati,usamahtasdik@example.net,627024515380,2023-06-23 00:55:42
424,Maimunah Lailasari,kurniawanratih@example.org,62578287316,2023-03-01 19:42:47
425,Jasmin Hariyah,permaditeddy@example.org,0813995097,2023-09-17 05:53:37
426,"Wasis Prastuti, S.Psi",jmustofa@example.net,0138264419,2023-05-18 21:04:45
427,"Dalimin Sihombing, M.TI.",rika50@example.com,0898931880,2023-10-24 14:20:05
428,Adhiarja Padmasari,eluh41@example.org,6203165741205,2023-06-13 21:13:18
429,Bancar Situmorang,kenari53@example.org,6203322347841,2023-08-16 02:37:27
430,Tirtayasa Riyanti,fnashiruddin@example.net,629283923371,2023-06-15 02:18:14
431,Titin Saragih,kurniawanharjasa@example.net,6206706946626,2023-05-17 14:05:41
432,drg. Gina Andriani,puspa58@example.com,620005194351,2023-10-08 09:57:44
433,drg. Queen Andriani,saadatpurwanti@example.org,6203433443242,2023-01-27 05:59:24
434,Elvina Pratiwi,awaskita@example.net,62042887061,2023-03-27 20:07:05
435,Dasa Siregar,dsuryatmi@example.com,0835147497,2023-08-27 15:01:19
436,"KH. Sakti Sitorus, M.M.",ekautami@example.org,0842623672,2023-01-30 05:36:35
437,"Oni Setiawan, S.Pd",ofarida@example.net,0867025473,2023-06-23 12:24:31
438,Puji Sitompul,asman56@example.org,6205291892205,2023-06-09 14:16:36
439,Viktor Prabowo,abudiyanto@example.com,04871887393,2023-07-24 01:55:13
440,"Galuh Siregar, S.I.Kom",putrakamidin@example.org,62825639327,2023-06-29 21:53:16
441,Patricia Laksmiwati,kamidinhidayat@example.org,620352749765,2023-05-28 12:13:32
442,Yunita Mayasari,mustofa55@example.com,62092825437,2023-06-04 16:58:48
443,Yusuf Hutagalung,ssitorus@example.net,0896952640,2023-05-05 04:18:00
444,"Elvin Yulianti, M.Kom.",dariatitampubolon@example.org,620664737494,2023-04-10 07:35:23
445,Ana Mulyani,salahudinhani@example.net,620097301228,2023-03-20 09:23:58
446,Timbul Hasanah,rajatajane@example.net,62578694553,2023-05-21 21:30:26
447,"Gabriella Salahudin, M.TI.",farhunnisa04@example.org,62624879398,2023-04-04 14:09:51
448,Jessica Utama,sihombinglaras@example.org,62961247002,2023-05-12 20:27:09
449,"Erik Suryono, S.Farm",njanuar@example.org,623575273418,2023-05-13 21:35:15
450,Fitria Saefullah,ismail64@example.com,6205359136840,2023-10-17 05:27:38
451,Nova Napitupulu,najamlailasari@example.com,0821448939,2023-03-11 15:53:45
452,Salsabila Narpati,danuja53@example.net,622308098165,2023-02-15 17:50:22
453,Wage Pudjiastuti,maheswaralalita@example.com,0839711220,2023-09-15 22:53:37
454,"Tami Purwanti, S.E.",ngunawan@example.org,6201192337370,2023-09-24 08:12:02
455,Belinda Farida,trahmawati@example.com,0837362451,2023-03-03 17:26:57
456,"Jamalia Sinaga, S.Pd",kprastuti@example.net,628784158719,2023-03-10 03:22:05
457,R.A. Paramita Safitri,elonkuswoyo@example.com,0004031403,2023-04-08 03:08:12
458,Hamzah Suryono,ikinsimbolon@example.com,6202584232086,2023-01-31 12:24:27
459,Yessi Mulyani,mardhiyahida@example.net,0822881564,2023-02-21 05:31:06
460,Septi Januar,ymaulana@example.com,627410874040,2023-07-05 19:28:18
461,"Indra Simbolon, S.H.",waluyowidiastuti@example.net,0876011598,2023-09-06 11:33:20
462,Kamila Pradana,wsantoso@example.com,6209256002757,2023-09-27 17:45:45
463,Sadina Uyainah,nainggolanami@example.com,623509373446,2023-09-23 12:09:05
464,Fitriani Rahayu,uyainahusman@example.org,6203232394737,2023-10-20 12:07:59
465,Muni Suartini,uwacana@example.com,620332274605,2023-07-10 21:41:52
466,"R.M. Cemeti Sihombing, S.I.Kom",taniasiregar@example.org,620388843636,2023-01-09 08:50:42
467,"Dr. Ilsa Prasasta, S.Pd",hestisihotang@example.net,07712594877,2023-08-17 02:25:18
468,dr. Respati Nasyiah,andrianikiandra@example.com,0349552309,2023-09-20 02:08:50
469,Tgk. Vicky Hutapea,lsinaga@example.org,0378630624,2023-10-19 08:53:08
470,Prasetyo Prakasa,lintangsamosir@example.com,62419090490,2023-03-20 14:23:24
471,"Ir. Najwa Yolanda, M.TI.",snasyiah@example.com,0895673543,2023-06-30 16:48:00
472,Gasti Nashiruddin,lilisantoso@example.org,620373607020,2023-08-26 09:05:20
473,"Dr. Viktor Thamrin, M.TI.",tharyanto@example.com,0893784555,2023-07-05 23:14:09
474,Liman Mulyani,daryanimustofa@example.org,0790442928,2023-07-05 21:28:03
475,Jail Agustina,sabrinamayasari@example.net,0891616317,2023-09-09 04:22:28
476,Vanesa Tarihoran,hariyahayu@example.com,62417887944,2023-10-15 10:29:11
477,"Drs. Lasmanto Purnawati, S.Ked",ifa75@example.com,62516930845,2023-02-25 09:29:11
478,Makara Pangestu,setiawanfaizah@example.net,620297320289,2023-03-24 16:00:10
479,Tari Mahendra,adikaramandasari@example.org,620684841299,2023-05-03 20:44:31
480,Puspa Maheswara,mmanullang@example.org,628461636042,2023-02-20 17:46:42
481,Sutan Olga Saputra,firgantoroxanana@example.net,0825454450,2023-06-30 16:58:09
482,"R.M. Bagus Lestari, S.Gz",tirasuryono@example.org,06912670987,2023-01-26 21:52:23
483,KH. Gada Gunawan,wagesiregar@example.com,0821738886,2023-04-10 05:55:48
484,Makuta Agustina,situmorangkaren@example.net,00026231867,2023-04-08 09:12:49
485,Dipa Natsir,usiregar@example.net,620342515439,2023-03-14 02:10:51
486,Sadina Dongoran,ganjaransimanjuntak@example.net,6200628470810,2023-10-24 17:09:39
487,Kawaca Halim,amelia16@example.net,620720755973,2023-07-08 19:30:30
488,Dwi Yuniar,nainggolannadia@example.net,6202626077812,2023-10-02 12:17:06
489,Ciaobella Rahmawati,cayadi09@example.net,0808423559,2023-07-27 18:13:11
490,"Usman Laksmiwati, S.Psi",halimahajiono@example.org,6209783303690,2023-01-06 22:03:52
491,"Dr. Almira Tampubolon, S.Pt",raden68@example.com,0839350093,2023-08-30 14:34:58
492,KH. Mulyono Purwanti,elonpradipta@example.org,0485579283,2023-09-18 23:59:55
493,Zaenab Maryati,ardiantoabyasa@example.net,0842540581,2023-05-30 22:07:23
494,"R. Galur Nainggolan, S.T.",ginalatupono@example.com,62045785210,2023-02-17 15:27:56
495,Betania Hidayanto,ssihotang@example.net,62256894515,2023-06-03 09:30:59
496,Dewi Wasita,harimurtihandayani@example.com,626004262589,2023-10-22 08:50:39
497,Nova Agustina,ramadantantri@example.org,0827711527,2023-01-12 03:39:14
498,"Dt. Harsanto Wibisono, S.E.I",rkuswandari@example.org,62606193168,2023-03-04 10:02:02
499,Carla Kusmawati,saefullahlukita@example.com,62291587415,2023-09-30 04:20:12
500,Farhunnisa Hastuti,gunawancayadi@example.org,62141796701,2023-03-21 13:41:36
